Tegund,Síða / frétt,Auðkenni,Texti,Tenglar,Síðast uppfært
Síða,Foreldrafélag,foreldrarad-foreldrafelag,"Foreldrafélag Barnaskóla Kársness er vettvangur foreldra og forsjáraðila til að styðja við skólastarfið og efla samstarf milli heimila og skóla.

Hlutverk félagsins

Foreldrafélagið stendur meðal annars fyrir viðburðum og verkefnum sem styrkja skólasamfélagið, í samstarfi við starfsfólk og Foreldraráð.

Þátttaka

Allir foreldrar/forsjáraðilar nemenda Barnaskóla Kársness eru sjálfkrafa félagar í Foreldrafélaginu. Áhugasamir um að taka virkari þátt geta haft samband við skrifstofu skólans.",,2026-09-28T12:01:07.201Z
Síða,Foreldraráð,foreldrarad-index,"Foreldraráð Barnaskóla Kársness er samráðsvettvangur foreldra og forsjáraðila um skólastarfið. Ráðið er skólanum til ráðgjafar og stuðlar að góðu samstarfi milli heimila og skóla.

Hér að neðan er hægt að nálgast upplýsingar um Foreldrafélag skólans.

Upplýsingar og hlekkir

• Foreldrafélag",Foreldrafélag (/foreldrarad/foreldrafelag.html),2026-09-28T12:01:06.856Z
Síða,Dagskipulag,fristund-dagskipulag,"Frístund býður upp á fjölbreytt og skemmtilegt starf fyrir nemendur eftir að hefðbundnum skóladegi lýkur. Hér má sjá almennt dagskipulag starfsins.

Dæmi um dagskrá

• Móttaka og frjáls leikur
• Skipulögð hreyfing eða skapandi starf
• Nesti/kaffitími
• Útivera
• Rólegar stundir og heimferð

Nákvæm tímasetning og fyrirkomulag getur verið breytilegt eftir árstíma og aldri barna.",,2026-09-28T12:01:05.671Z
Síða,Frístundabíll,fristund-fristundabill,"Sum börn sem sækja Frístund eiga rétt á akstursþjónustu að lokinni dvöl. Hér má finna upplýsingar um fyrirkomulag og tímasetningar.

Hvernig er sótt um?

Umsókn um frístundabíl er send til skrifstofu skólans eða Frístundar. Nánari upplýsingar um skilyrði og afgreiðslutíma fást þar.",,2026-09-28T12:01:05.345Z
Síða,Frístund,fristund-index,"Frístund er frístundaheimili fyrir nemendur Barnaskóla Kársness utan hefðbundins skólatíma. Þar er boðið upp á fjölbreytt og skemmtilegt starf í öruggu umhverfi undir leiðsögn starfsfólks.

Hér að neðan er hægt að nálgast dagskipulag, reglur og aðrar hagnýtar upplýsingar sem varða Frístund.

Upplýsingar og hlekkir

• Frístundabíll
• Dagskipulag
• Reglur
• Leyfistilkynning","Frístundabíll (/fristund/fristundabill.html)
Dagskipulag (/fristund/dagskipulag.html)
Reglur (/fristund/reglur.html)
Leyfistilkynning (/fristund/leyfistilkynning.html)",2026-09-28T12:01:05.029Z
Síða,Leyfistilkynning,fristund-leyfistilkynning,"Ef barn þarf að vera fjarverandi frá Frístund — til dæmis vegna ferðalags eða annarra ástæðna — biðjum við foreldra/forsjáraðila um að tilkynna það með góðum fyrirvara.

Hvernig er leyfi tilkynnt?

Tilkynning um leyfi er send til starfsfólks Frístundar eða skrifstofu skólans.",,2026-09-28T12:01:06.543Z
Síða,Reglur,fristund-reglur,"Hér má finna helstu reglur sem gilda í Frístund — settar til að tryggja öryggi, vellíðan og gott samstarf milli heimila og starfsfólks.

Afhending barna

Aðeins þeir sem tilgreindir eru sem sækjendur mega sækja barn úr Frístund, nema annað sé sérstaklega tilkynnt fyrirfram.

Tengd skjöl

Reglur Frístundar (PDF) — #",Reglur Frístundar (PDF) (#),2026-09-28T12:01:05.996Z
Síða,Grunnskólastig (yfirlitssíða),grunnskolastig-index,"Grunnskólastig Barnaskóla Kársness tekur við þar sem leikskólastigið sleppir og fylgir nemendum í gegnum grunnskólagönguna. Áhersla er lögð á fjölbreytta kennsluhætti, öflugt námsumhverfi og gott samstarf við heimilin.

Hér að neðan er hægt að nálgast skóladagatal, reglur um skólasókn, matseðil og aðrar hagnýtar upplýsingar sem varða grunnskólastigið.

Upplýsingar og hlekkir

• Skóladagatal
• Leyfisbeiðnir
• Reglur um skólasókn
• Mentor app
• Matseðill
• Kennsluáætlanir","Skóladagatal (/grunnskolastig/skoladagatal.html)
Leyfisbeiðnir (/grunnskolastig/leyfisbeidnir.html)
Reglur um skólasókn (/grunnskolastig/reglur-um-skolasokn.html)
Mentor app (/grunnskolastig/mentor-app.html)
Matseðill (/grunnskolastig/matsedill.html)",2026-09-30T10:30:31.947Z
Síða,Leyfisbeiðnir,grunnskolastig-leyfisbeidnir,"Ef nemandi þarf leyfi frá skóla umfram skipulagða frídaga — til dæmis vegna ferðalags — þarf að senda inn formlega leyfisbeiðni.

Hvernig er sótt um leyfi?

Leyfisbeiðni er send skriflega til umsjónarkennara, eða eftir öðrum leiðum sem skólinn tilgreinir, með góðum fyrirvara. Umsjónarkennari metur beiðnina og upplýsir um niðurstöðu.

Hafa ber í huga

• Löng leyfi (lengri en tvær vikur) þarf að ræða sérstaklega við skólastjórnendur.
• Sjá einnig Reglur um skólasókn.",Reglur um skólasókn (/grunnskolastig/reglur-um-skolasokn.html),2026-09-28T12:01:03.747Z
Síða,Matseðill,grunnskolastig-matsedill,"Grunnskólastig Barnaskóla Kársness leggur áherslu á fjölbreytta og næringarríka fæðu í samræmi við ráðleggingar um mataræði barna og unglinga.

Ofnæmi og óþol

Foreldrar/forsjáraðilar sem þurfa að tilkynna um ofnæmi eða fæðuóþol nemanda eru beðnir um að hafa samband við skrifstofu skólans.

Tengd skjöl

Matseðill vikunnar (PDF) — #",Matseðill vikunnar (PDF) (#),2026-09-28T12:01:04.708Z
Síða,Mentor app,grunnskolastig-mentor-app,"Mentor er upplýsingakerfi grunnskólastigs Barnaskóla Kársness þar sem foreldrar/forsjáraðilar og nemendur geta fylgst með stundatöflu, verkefnum, einkunnum og samskiptum við kennara.

Aðgangur að Mentor

Foreldrar/forsjáraðilar fá aðgang að Mentor við upphaf skólagöngu barns. Ef aðgang vantar er hægt að hafa samband við skrifstofu skólans.

Tengd skjöl

Opna Mentor — #",Opna Mentor (#),2026-09-28T12:01:04.379Z
Síða,Reglur um skólasókn,grunnskolastig-reglur-um-skolasokn,"Regluleg skólasókn er mikilvæg forsenda náms og vellíðunar nemenda. Hér má finna helstu reglur sem gilda um mætingar og fjarvistir á grunnskólastigi Barnaskóla Kársness.

Skráning fjarvista

Foreldrar/forsjáraðilar tilkynna fjarvistir til umsjónarkennara eða skrifstofu skólans eins fljótt og hægt er, helst fyrir upphaf skóladags.

Ítrekaðar fjarvistir

Ef fjarvistir verða ítrekaðar eða langvarandi hefur skólinn samband við foreldra/forsjáraðila til að finna lausn í sameiningu.

Tengd skjöl

Reglur um skólasókn (PDF) — #",Reglur um skólasókn (PDF) (#),2026-09-28T12:01:04.062Z
Síða,Skóladagatal,grunnskolastig-skoladagatal,"Hér má finna skóladagatal grunnskólastigs Barnaskóla Kársness fyrir yfirstandandi skólaár, þar á meðal skipulagsdaga, frídaga og aðrar mikilvægar dagsetningar.

Skipulagsdagar

Skipulagsdagar eru nýttir til undirbúnings og fagþróunar starfsfólks. Skólinn er lokaður þessa daga og foreldrar/forsjáraðilar eru upplýstir með góðum fyrirvara.

• Dæmi um efnislið — skipulagsdagur (dagsetning fylgir þegar staðfest)
• Dæmi um efnislið — skipulagsdagur (dagsetning fylgir þegar staðfest)

Frídagar og leyfi

Almennir frídagar fylgja skóladagatali Kópavogsbæjar. Sjá einnig Leyfisbeiðnir fyrir umsóknir um leyfi barns utan skipulagðra frídaga.

Tengd skjöl

Skóladagatal (PDF) — #","Leyfisbeiðnir (/grunnskolastig/leyfisbeidnir.html)
Skóladagatal (PDF) (#)",2026-09-28T12:01:03.420Z
Síða,Barnaskóli Kársness,homepage,"Velkomin í skólann okkar

Barnaskóli Kársness er skóli fyrir leikskóla- og grunnskólabörn í Kópavogi, þar sem lögð er áhersla á öruggt og styðjandi námsumhverfi, gleði í leik og starfi, og náið samstarf við heimilin.

Hér á síðunni má finna nýjustu fréttir, hagnýtar upplýsingar fyrir hvert skólastig og leiðir til að hafa samband við skólann.",,2026-09-28T12:00:58.987Z
Síða,Leikskólastig (yfirlitssíða),leikskolastig-index,"Leikskólastig Barnaskóla Kársness er heimili yngstu barnanna okkar. Þar er lögð áhersla á leik, öryggi og hlýlegt umhverfi þar sem hvert barn fær að vaxa og dafna á eigin hraða í nánu samstarfi við foreldra og forsjáraðila.

Hér að neðan er hægt að nálgast skóladagatal, reglur, matseðil og aðrar hagnýtar upplýsingar sem varða leikskólastigið.

Upplýsingar og hlekkir

• Skóladagatal
• Leyfistilkynning
• Reglur
• Vala app
• Matseðill
• Skólabíll
• Lubbi finnur málbein","Skóladagatal (/leikskolastig/skoladagatal.html)
Leyfistilkynning (/leikskolastig/leyfistilkynning.html)
Reglur (/leikskolastig/reglur.html)
Vala app (/leikskolastig/vala-app.html)
Matseðill (/leikskolastig/matsedill.html)
Skólabíll (/leikskolastig/skolabill.html)
Lubbi finnur málbein (/leikskolastig/lubbi-finnur-malbein.html)",2026-09-29T13:44:12.421Z
Síða,Leyfistilkynning,leikskolastig-leyfistilkynning,"Ef barn þarf að vera fjarverandi frá leikskóla umfram skipulagða frídaga — til dæmis vegna ferðalags eða annarra ástæðna — biðjum við foreldra/forsjáraðila um að tilkynna það til leikskólans með góðum fyrirvara.

Hvernig er leyfi tilkynnt?

Tilkynning um leyfi er send skriflega til deildarstjóra eða leikskólastjóra, eða eftir öðrum leiðum sem leikskólinn tilgreinir. Æskilegt er að tilkynna leyfi með að minnsta kosti viku fyrirvara þegar því verður við komið.

Hafa ber í huga

• Löng leyfi (lengri en tvær vikur) þarf að ræða sérstaklega við leikskólastjóra.
• Sjá einnig Skóladagatal fyrir fasta frídaga.",Skóladagatal (/leikskolastig/skoladagatal.html),2026-09-28T12:01:01.027Z
Síða,Lubbi finnur málbein,leikskolastig-lubbi-finnur-malbein,"Lubbi finnur málbein er málörvunarverkefni sem notað er á leikskólastigi Barnaskóla Kársness til að styðja við hljóðkerfis- og málvitund barna á skemmtilegan og aðgengilegan hátt.

Hvernig er unnið með Lubba?

Efnið er samofið daglegu starfi deildanna — meðal annars í gegnum söngva, sögur og leiki sem tengjast persónunni Lubba.

Test",,2026-09-30T11:10:05.202Z
Síða,Matseðill,leikskolastig-matsedill,"Leikskólastig Barnaskóla Kársness leggur áherslu á fjölbreytta og næringarríka fæðu í samræmi við ráðleggingar um mataræði barna.

Ofnæmi og óþol

Foreldrar/forsjáraðilar sem þurfa að tilkynna um ofnæmi eða fæðuóþol barns eru beðnir um að hafa samband við deildina eða skrifstofu leikskólans.

Tengd skjöl

Matseðill vikunnar (PDF) — #",Matseðill vikunnar (PDF) (#),2026-09-28T12:01:02.082Z
Síða,Reglur,leikskolastig-reglur,"Hér má finna helstu reglur sem gilda á leikskólastigi Barnaskóla Kársness — settar til að tryggja öryggi, vellíðan og gott samstarf milli heimila og leikskóla.

Mæting og afhending

Foreldrar/forsjáraðilar fylgja barni inn á deild og láta starfsfólk vita af komu og brottför. Aðeins þeir sem tilgreindir eru sem sækjendur mega sækja barnið, nema annað sé sérstaklega tilkynnt.

Fatnaður og búnaður

Mælt er með að börn séu í fatnaði sem hentar útiveru og leik í öllum veðrum, merktum nafni þar sem því verður við komið.

Tengd skjöl

Reglur leikskólastigs (PDF) — #",Reglur leikskólastigs (PDF) (#),2026-09-28T12:01:01.369Z
Síða,Skólabíll,leikskolastig-skolabill,"Sum börn á leikskólastigi eiga rétt á akstursþjónustu til og frá leikskóla. Hér má finna upplýsingar um fyrirkomulag, tímasetningar og hvernig sótt er um þjónustuna.

Hvernig er sótt um?

Umsókn um skólabíl er send til skrifstofu skólans. Nánari upplýsingar um skilyrði og afgreiðslutíma fást hjá skrifstofunni.",,2026-09-28T12:01:02.420Z
Síða,Skóladagatal,leikskolastig-skoladagatal,"Hér má finna skóladagatal leikskólastigs Barnaskóla Kársness fyrir yfirstandandi skólaár, þar á meðal skipulagsdaga, frídaga og aðrar mikilvægar dagsetningar.

Skipulagsdagar

Skipulagsdagar eru nýttir til undirbúnings og fagþróunar starfsfólks. Leikskólinn er lokaður þessa daga og foreldrar/forsjáraðilar eru upplýstir með góðum fyrirvara.

• Dæmi um efnislið — skipulagsdagur (dagsetning fylgir þegar staðfest)
• Dæmi um efnislið — skipulagsdagur (dagsetning fylgir þegar staðfest)

Frídagar og leyfi

Almennir frídagar fylgja skóladagatali Kópavogsbæjar. Sjá einnig Leyfistilkynningu fyrir tilkynningar um leyfi barns utan skipulagðra frídaga.

Tengd skjöl

Skóladagatal (PDF) — #

Nánari upplýsingar — #","Leyfistilkynningu (/leikskolastig/leyfistilkynning.html)
Skóladagatal (PDF) (#)
Nánari upplýsingar (#)",2026-09-28T12:01:00.705Z
Síða,Vala app,leikskolastig-vala-app,"Vala er appið sem leikskólastig Barnaskóla Kársness notar til daglegra samskipta við foreldra og forsjáraðila — þar á meðal tilkynningar, myndir úr starfinu og upplýsingar um daginn hjá barninu.

Að byrja að nota Vala

Foreldrar/forsjáraðilar fá boð í appið við upphaf leikskóladvalar. Sé boð ekki komið er hægt að hafa samband við deildina.

Tengd skjöl

Sækja Vala appið — #",Sækja Vala appið (#),2026-09-28T12:01:01.770Z
Frétt,Vetrarfrí framundan,vetrarfri-2026,Minnum á að vetrarfrí grunnskólastigs er dagana sem koma fram á skóladagatali. Leikskólastig og Frístund fylgja sama dagatali — sjá nánar á síðum hvers skólastigs.,,2026-09-28T12:01:07.605Z
Frétt,Haustfagnaður skólans,haustfagnadur-2026,"Árlegur haustfagnaður Barnaskóla Kársness var haldinn með glæsibrag. Þakkir til allra sem lögðu hönd á plóg — nemenda, starfsfólks og foreldrafélagsins.",,2026-09-28T12:01:07.922Z
Frétt,Ný heimasíða skólans komin í loftið,ny-heimasida,Barnaskóli Kársness hefur tekið í notkun nýja heimasíðu. Síðan verður í stöðugri þróun næstu vikur og mánuði eftir því sem efni bætist við.,,2026-09-28T12:01:08.251Z
Frétt,Skólasetning haustannar,skolasetning-2026,"Skólasetning fór fram með pomp og prakt. Við bjóðum alla nemendur, nýja sem gamla, velkomna til náms á nýju skólaári.",,2026-09-28T12:01:08.567Z
Frétt,Starfsdagur starfsfólks,starfsdagur-agust,Starfsfólk skólans kom saman til undirbúnings fyrir komandi skólaár. Áhersla var lögð á fagþróun og skipulag vetrarins.,,2026-09-28T12:01:08.910Z
Frétt,Sumarleyfi framundan,sumarleyfi-2026,Skólastarfi lýkur formlega í byrjun júní. Skrifstofa skólans verður með takmarkaða viðveru yfir sumarið — sjá opnunartíma í síðufæti.,,2026-09-28T12:01:09.239Z
Frétt,Útskrift elstu nemenda,utskrift-2026,Elstu nemendur skólans voru kvaddir með hátíðlegri athöfn. Við óskum þeim alls hins besta á næsta skólastigi.,,2026-09-28T12:01:09.581Z
Frétt,Vorhátíð Barnaskóla Kársness,vorhatid-2026,"Vorhátíð skólans var haldin með fjölbreyttri dagskrá — sýningum, tónlist og útimarkaði í umsjón foreldrafélagsins.",,2026-09-28T12:01:09.899Z
